INSERT INTO `categoria` (`id_categoria`,`nome`) VALUES (1,"100 metros"),(2,"200 metros"),(3,"400 metros"),(4,"800 metros"),(5,"1000 metros"),(6,"1500 metros"),(7,"3000 metros"),(8,"5000 metros"),(9,"10000 metros"),(10,"15000 metros");

INSERT INTO `modalidade` (`id_modalidade`,`nome`) VALUES (1,"Marcha"),(2,"Corrida de Pista"),(3,"Corrida de Estafeta"),(4,"Corrida de Obstaculos");

INSERT INTO `modalidadecategoria` (`id_modalidade`,`id_categoria`) VALUES (1,1),(1,2),(1,3),(1,4),(1,5),(1,6),(1,7),(1,8),(1,9),(1,10),(2,1),(2,2),(2,3),(2,4),(2,5),(2,6),(2,7),(2,8),(2,9),(2,10),(3,1),(3,2),(3,3),(3,4),(3,5),(3,6),(3,7),(3,8),(3,9),(3,10),(4,1),(4,2),(4,3),(4,4),(4,5),(4,6),(4,7),(4,8),(4,9),(4,10);

INSERT INTO `Especialidades` (`id_especialidade`,`nome`,`preco`) VALUES (1,"Cardiologia",46),(2,"Oftalmologia",8),(3,"Clinica Geral",15),(4,"Ortopedia",37),(5,"Neurologia",36),(6,"Nutrologia",9),(7,"Psiquiatria",14),(8,"Anti-doping",50),(9,"Urologia",37),(10,"Acupuntura",37);

INSERT INTO `Atletas` (`id_atleta`,`nome`,`nascimento`,`clube`,`nacionalidade`,`morada`,`apto`) VALUES (1,"Illiana Osborne","1986-08-03","Porto","Equatorial Guinea","3914 Praesent Ave","Sim"),(2,"Kay Adams","2000-01-01","Benfica","Italy","444 Eu Ave","Sim"),(3,"Otto Young","1994-08-29","Porto","Netherlands","P.O. Box 494, 2230 Viverra. Rd.","Sim"),(4,"Isabelle Travis","1994-01-29","Braga","Korea, North","617-737 Vel Av.","Sim"),(5,"Quentin Patrick","1994-01-04","Braga","Pitcairn Islands","426-7264 Turpis. St.","Sim"),(6,"Roanna Patrick","2000-10-23","Sporting","Burkina Faso","600-1999 Ut Rd.","Sim"),(7,"Kylee Hays","1997-02-28","Benfica","Nauru","938-1222 Risus Street","Sim"),(8,"Farrah Hodge","1994-01-10","Vidigalense","Liberia","Ap #918-5048 Mollis. Ave","Sim"),(9,"Kenneth Bishop","1983-03-02","Boavista","Kyrgyzstan","9383 Cras Road","Sim"),(10,"Thane Good","1989-10-15","Braga","Bolivia","P.O. Box 283, 7401 Nam Rd.","Sim");
INSERT INTO `Atletas` (`id_atleta`,`nome`,`nascimento`,`clube`,`nacionalidade`,`morada`,`apto`) VALUES (11,"Ruth Ashley","1989-10-26","JOMA","Turkey","626-3865 Rutrum. Street","Sim"),(12,"Inga Reilly","1980-10-03","Boavista","Sao Tome and Principe","P.O. Box 961, 8789 Parturient Street","Sim"),(13,"Lance Waters","1993-07-06","Benfica","Uganda","Ap #981-3197 Feugiat St.","Sim"),(14,"Yolanda Barnes","1982-06-27","Vidigalense","Colombia","P.O. Box 569, 4686 Ullamcorper, Street","Sim"),(15,"Nichole Fuller","1987-04-29","Boavista","Bouvet Island","3903 Aliquam Rd.","Sim"),(16,"Tanek Gordon","1996-01-01","Benfica","Thailand","Ap #336-8958 Tincidunt Street","Sim"),(17,"Adena Wade","1981-08-31","Boavista","Cuba","Ap #838-163 Aliquam, Av.","Sim"),(18,"Jonas York","1985-05-25","Boavista","Japan","9709 Mauris. Road","Sim"),(19,"Blaze Hale","1994-04-11","Benfica","Thailand","8452 Lorem. Rd.","Sim"),(20,"Jael Cole","1994-07-31","JOMA","Micronesia","P.O. Box 150, 8398 Ut, St.","Sim");
INSERT INTO `Atletas` (`id_atleta`,`nome`,`nascimento`,`clube`,`nacionalidade`,`morada`,`apto`) VALUES (21,"Ariel Gilliam","1999-07-25","Benfica","Mali","Ap #286-5055 Dictum Ave","Sim"),(22,"Brandon Osborne","1995-09-29","Benfica","Guatemala","9922 Egestas St.","Sim"),(23,"Lucius Booth","1981-05-08","Sporting","Finland","6703 Auctor Avenue","Sim"),(24,"Ashely Reeves","1983-09-01","Boavista","Bulgaria","Ap #432-2621 Sapien. Ave","Sim"),(25,"Amy Bender","1994-02-19","JOMA","Antigua and Barbuda","Ap #492-7439 Ut St.","Sim"),(26,"Kelly Moss","1990-10-25","Vidigalense","Haiti","Ap #796-4386 Non, Road","Sim"),(27,"Iola Craft","1998-04-07","Vidigalense","Australia","463 Class Avenue","Sim"),(28,"Xantha Morris","1996-10-30","JOMA","Niue","P.O. Box 441, 6629 Cum St.","Sim"),(29,"Lucius Strong","1985-03-21","Porto","Singapore","P.O. Box 845, 7621 Ante. Street","Sim"),(30,"Addison Dickson","1985-06-26","Boavista","Turkey","4457 Purus. Rd.","Sim");
INSERT INTO `Atletas` (`id_atleta`,`nome`,`nascimento`,`clube`,`nacionalidade`,`morada`,`apto`) VALUES (31,"Teegan Haynes","1980-04-23","Braga","Rwanda","P.O. Box 320, 8771 Elit Street","Sim"),(32,"Shea Figueroa","1991-01-27","Sporting","Somalia","Ap #773-1240 Lobortis. Av.","Sim"),(33,"Keegan Craft","1997-07-27","Braga","Bermuda","113-9699 Mauris, Avenue","Sim"),(34,"Mercedes Wallace","1993-10-30","Sporting","Austria","8373 Cursus Avenue","Sim"),(35,"Gillian Mcintosh","2000-07-12","Braga","Bulgaria","Ap #181-8059 Penatibus St.","Sim"),(36,"Anastasia Vargas","1998-11-16","JOMA","Madagascar","661-9840 Convallis St.","Sim"),(37,"Neve Puckett","1996-12-28","Porto","Jamaica","304-5066 Lectus St.","Sim"),(38,"Zelda Gonzalez","1992-03-06","Benfica","Belgium","P.O. Box 147, 5808 Ut, Road","Sim"),(39,"Lila Bond","1988-04-29","Vidigalense","Christmas Island","Ap #225-9925 Nunc Rd.","Sim"),(40,"Amber Ochoa","1984-12-17","Sporting","Argentina","Ap #868-3925 Donec Street","Sim");
INSERT INTO `Atletas` (`id_atleta`,`nome`,`nascimento`,`clube`,`nacionalidade`,`morada`,`apto`) VALUES (41,"Heidi Peck","1987-03-02","Boavista","Micronesia","Ap #812-3803 Nec Road","Sim"),(42,"Mason Roth","1989-07-26","Porto","Papua New Guinea","P.O. Box 522, 2515 Mauris Rd.","Sim"),(43,"Glenna Morse","1999-09-13","JOMA","Kenya","810-9961 Auctor, Rd.","Sim"),(44,"Xaviera Avila","1993-03-26","Boavista","Poland","P.O. Box 827, 823 Vitae St.","Sim"),(45,"Lars Oliver","1988-02-06","Benfica","Korea, North","509-6813 In, Rd.","Sim"),(46,"Petra Dominguez","1987-02-27","Boavista","Seychelles","P.O. Box 624, 8131 Hendrerit. Road","Sim"),(47,"Anastasia Wilson","1981-08-16","Vidigalense","South Africa","111-3834 Torquent Road","Sim"),(48,"Kylynn Cain","1997-12-18","Benfica","Guyana","P.O. Box 141, 2454 Per Av.","Sim"),(49,"Nora Schwartz","1986-01-08","JOMA","Guinea","Ap #392-935 Eu St.","Sim"),(50,"Oliver Murray","1996-11-23","Boavista","Hungary","Ap #880-8496 Enim Ave","Sim");
INSERT INTO `Atletas` (`id_atleta`,`nome`,`nascimento`,`clube`,`nacionalidade`,`morada`,`apto`) VALUES (51,"Len Mclean","1989-09-26","Boavista","Austria","P.O. Box 135, 8562 Nulla St.","Sim"),(52,"Britanni Compton","2000-06-24","Vidigalense","Nauru","1238 Sagittis. St.","Sim"),(53,"Jeremy Sherman","1983-06-04","JOMA","Denmark","P.O. Box 968, 9597 Vulputate St.","Sim"),(54,"Keaton Benson","1999-11-28","Boavista","Belize","528-9946 Ultricies Avenue","Sim"),(55,"Robert Soto","1995-01-24","Porto","Sao Tome and Principe","Ap #234-3245 Donec St.","Sim"),(56,"Troy Knapp","1994-09-06","Porto","Bulgaria","P.O. Box 872, 7412 A, Rd.","Sim"),(57,"Chaim Russo","1991-02-05","Porto","Montenegro","572-3706 Metus Road","Sim"),(58,"Jaime Galloway","1992-08-07","Sporting","Monaco","1732 Lacinia Rd.","Sim"),(59,"Basil Phillips","1986-09-16","Braga","Barbados","P.O. Box 907, 515 Hendrerit Avenue","Sim"),(60,"Wynne Vinson","1987-11-30","Benfica","Oman","478-3244 Sed Ave","Sim");
INSERT INTO `Atletas` (`id_atleta`,`nome`,`nascimento`,`clube`,`nacionalidade`,`morada`,`apto`) VALUES (61,"Glenna Guy","2000-06-22","JOMA","Turkey","Ap #817-8214 A, Road","Sim"),(62,"Odette Puckett","1998-04-30","Sporting","Gabon","1065 Tempor Street","Sim"),(63,"Richard Brock","1999-03-23","Boavista","Central African Republic","Ap #462-9255 Sed Rd.","Sim"),(64,"Francis Cohen","1981-06-21","JOMA","Germany","P.O. Box 743, 1996 Nec Road","Sim"),(65,"Jelani Velez","1998-06-15","Vidigalense","Fiji","Ap #444-2998 Dictum. Av.","Sim"),(66,"Catherine Farley","1984-01-30","Braga","Puerto Rico","205-5155 Ornare Road","Sim"),(67,"Nigel Pate","1997-08-24","Braga","Viet Nam","Ap #966-1266 Id Ave","Sim"),(68,"Clinton Calhoun","1995-01-15","Porto","Egypt","P.O. Box 115, 1822 Lorem St.","Sim"),(69,"Angela Davenport","1990-01-15","Boavista","Malaysia","Ap #214-3242 Suspendisse Ave","Sim"),(70,"Zeus Casey","1984-10-28","Vidigalense","Tonga","6442 Sed, Rd.","Sim");
INSERT INTO `Atletas` (`id_atleta`,`nome`,`nascimento`,`clube`,`nacionalidade`,`morada`,`apto`) VALUES (71,"Fulton Copeland","1996-05-05","Porto","Germany","Ap #677-6448 Fermentum Rd.","Sim"),(72,"Jillian Graham","1996-12-14","JOMA","Kiribati","P.O. Box 802, 3701 Consectetuer Avenue","Sim"),(73,"Rafael Russell","1998-02-10","Sporting","Macao","2037 Ante Road","Sim"),(74,"Renee Webster","1996-09-06","Porto","Brazil","4079 Nec Road","Sim"),(75,"Vaughan Coleman","1986-05-24","Braga","Saint Kitts and Nevis","Ap #721-7192 Justo St.","Sim"),(76,"Sigourney Benton","1985-03-28","Sporting","Kuwait","1076 Sed Street","Sim"),(77,"Dante Morrison","1998-03-09","Vidigalense","Côte D'Ivoire (Ivory Coast)","Ap #899-9076 Eu St.","Sim"),(78,"Debra Graves","1989-04-10","Boavista","Jordan","P.O. Box 388, 2845 Nisi Road","Sim"),(79,"Gisela Silva","1989-06-18","Porto","Malawi","Ap #682-9474 Dui. Rd.","Sim"),(80,"Hall Walker","1980-03-08","Boavista","Montenegro","P.O. Box 348, 3080 Natoque Street","Sim");
INSERT INTO `Atletas` (`id_atleta`,`nome`,`nascimento`,`clube`,`nacionalidade`,`morada`,`apto`) VALUES (81,"Clio Fuentes","1994-08-03","Porto","Holy See (Vatican City State)","P.O. Box 294, 2877 Magna Ave","Sim"),(82,"Buffy Conrad","1984-06-25","Sporting","Isle of Man","P.O. Box 903, 7545 Montes, Ave","Sim"),(83,"Xyla Armstrong","1981-11-17","Braga","Belize","7354 Est, St.","Sim"),(84,"Isaac Lara","1986-01-28","Vidigalense","Mongolia","956-9887 Arcu Rd.","Sim"),(85,"Lane Burns","1999-10-20","Vidigalense","Christmas Island","Ap #551-4307 Mauris Rd.","Sim"),(86,"Piper Petersen","1984-11-22","Porto","Sweden","Ap #890-3465 Integer Avenue","Sim"),(87,"Neville Stephens","1984-11-02","JOMA","Ireland","5507 Sem St.","Sim"),(88,"Madaline Cook","1983-07-19","Sporting","New Caledonia","P.O. Box 193, 9972 Tristique Avenue","Sim"),(89,"Melanie Baldwin","1996-01-07","JOMA","Guam","Ap #586-4045 Eget Rd.","Sim"),(90,"Kibo Jenkins","1985-05-31","Porto","Guinea","Ap #455-8695 Ornare, St.","Sim");
INSERT INTO `Atletas` (`id_atleta`,`nome`,`nascimento`,`clube`,`nacionalidade`,`morada`,`apto`) VALUES (91,"Ezekiel Grant","1984-02-21","Braga","Gibraltar","Ap #692-555 Sed Rd.","Sim"),(92,"Owen Fleming","1992-08-07","Boavista","Venezuela","P.O. Box 634, 5758 Lobortis Av.","Sim"),(93,"Amethyst Curtis","1998-12-10","Boavista","Equatorial Guinea","5358 Nunc. Ave","Sim"),(94,"Jordan Villarreal","1997-08-04","Porto","Chad","837-2653 Mollis. Road","Sim"),(95,"Charde Gates","1997-01-13","Vidigalense","Jordan","6803 Turpis. St.","Sim"),(96,"Colorado Dodson","1980-02-08","Benfica","Nauru","226 Accumsan Rd.","Sim"),(97,"Pascale Case","1995-08-10","Porto","Kenya","Ap #409-844 Tincidunt St.","Sim"),(98,"Cruz Owens","1981-03-29","Porto","Isle of Man","599-6727 Elementum Road","Sim"),(99,"Jenna Luna","1998-10-18","Vidigalense","Venezuela","Ap #241-9474 Risus Ave","Sim"),(100,"Abel Griffin","1986-06-01","Boavista","Aruba","Ap #497-3584 Varius Street","Sim");


INSERT INTO `contactos` (`id_contactos`,`designacao`,`argumento`,`id_atleta`) VALUES (1,"Email","Lorem.ipsum@nequesed.edu",1),(2,"Email","urna.suscipit.nonummy@lacusNullatincidunt.com",2),(3,"Email","odio.a.purus@consectetueradipiscingelit.com",3),(4,"Email","Donec@maurisInteger.com",4),(5,"Email","venenatis.a.magna@consectetuereuismodest.ca",5),(6,"Email","Duis.volutpat.nunc@ridiculusmusProin.ca",6),(7,"Email","Quisque.ac@penatibuset.edu",7),(8,"Email","sed@egetmassaSuspendisse.co.uk",8),(9,"Email","auctor.nunc.nulla@sodales.ca",9),(10,"Email","ipsum.Donec.sollicitudin@nonleoVivamus.org",10);
INSERT INTO `contactos` (`id_contactos`,`designacao`,`argumento`,`id_atleta`) VALUES (11,"Email","accumsan@lacuspedesagittis.ca",11),(12,"Email","habitant.morbi@purus.net",12),(13,"Email","vulputate.velit@vestibulummassarutrum.org",13),(14,"Email","arcu.Aliquam.ultrices@Nullamvitaediam.edu",14),(15,"Email","Sed.dictum.Proin@ipsumdolor.org",15),(16,"Email","tincidunt.congue@arcuVestibulum.edu",16),(17,"Email","molestie@Aliquam.net",17),(18,"Email","scelerisque.neque.sed@arcuVestibulumante.co.uk",18),(19,"Email","elit.pretium.et@orcilobortis.co.uk",19),(20,"Email","elit@nuncQuisqueornare.co.uk",20);
INSERT INTO `contactos` (`id_contactos`,`designacao`,`argumento`,`id_atleta`) VALUES (21,"Email","id.blandit.at@nonummyipsum.net",21),(22,"Email","turpis@Phaselluslibero.net",22),(23,"Email","bibendum.sed@ullamcorpernislarcu.com",23),(24,"Email","gravida.molestie.arcu@eu.ca",24),(25,"Email","ligula.tortor@adipiscingelit.org",25),(26,"Email","Nunc@Nam.net",26),(27,"Email","Duis.at@magna.edu",27),(28,"Email","lectus.Nullam.suscipit@loremsemperauctor.org",28),(29,"Email","ac.turpis.egestas@etlaciniavitae.ca",29),(30,"Email","diam@diamdictum.ca",30);
INSERT INTO `contactos` (`id_contactos`,`designacao`,`argumento`,`id_atleta`) VALUES (31,"Email","vestibulum.Mauris.magna@Suspendisseseddolor.co.uk",31),(32,"Email","posuere@Nunc.edu",32),(33,"Email","non.dui@pharetrafelis.edu",33),(34,"Email","Quisque.imperdiet.erat@et.edu",34),(35,"Email","Mauris@Nullam.edu",35),(36,"Email","eu.eleifend@justo.com",36),(37,"Email","vestibulum@vitaerisus.edu",37),(38,"Email","volutpat@sagittis.ca",38),(39,"Email","magna@lobortisultricesVivamus.ca",39),(40,"Email","Duis@fermentumarcuVestibulum.ca",40);
INSERT INTO `contactos` (`id_contactos`,`designacao`,`argumento`,`id_atleta`) VALUES (41,"Email","facilisis@neque.edu",41),(42,"Email","dui.Suspendisse.ac@venenatislacus.edu",42),(43,"Email","erat.Sed.nunc@tempusmauris.ca",43),(44,"Email","felis@augueutlacus.com",44),(45,"Email","laoreet@nisi.co.uk",45),(46,"Email","Cras@duiSuspendisse.org",46),(47,"Email","tempor.est.ac@Aliquamultricesiaculis.net",47),(48,"Email","magna@malesuadaiderat.com",48),(49,"Email","eu@nec.org",49),(50,"Email","felis.Donec.tempor@sociisnatoque.org",50);
INSERT INTO `contactos` (`id_contactos`,`designacao`,`argumento`,`id_atleta`) VALUES (51,"Email","lorem.ac.risus@sollicitudin.co.uk",51),(52,"Email","aliquet@utaliquam.edu",52),(53,"Email","orci@posuereenim.edu",53),(54,"Email","lorem.ac@Donecestmauris.ca",54),(55,"Email","laoreet.lectus.quis@massalobortisultrices.com",55),(56,"Email","euismod.in.dolor@dapibus.org",56),(57,"Email","enim.Nunc.ut@nasceturridiculus.org",57),(58,"Email","ac.nulla@Curabitur.co.uk",58),(59,"Email","congue.In.scelerisque@vel.co.uk",59),(60,"Email","ac.arcu.Nunc@odiosemper.edu",60);
INSERT INTO `contactos` (`id_contactos`,`designacao`,`argumento`,`id_atleta`) VALUES (61,"Email","orci.lobortis.augue@tristiquealiquetPhasellus.co.uk",61),(62,"Email","convallis.in.cursus@eu.ca",62),(63,"Email","ipsum.porta@pellentesqueeget.edu",63),(64,"Email","sagittis.augue@nonenimcommodo.ca",64),(65,"Email","In.faucibus.Morbi@ametluctus.org",65),(66,"Email","enim.Curabitur.massa@odiosagittis.edu",66),(67,"Email","interdum.ligula@ligulaconsectetuerrhoncus.com",67),(68,"Email","sed@anteipsumprimis.net",68),(69,"Email","scelerisque.lorem.ipsum@mattis.ca",69),(70,"Email","In.condimentum.Donec@molestie.com",70);
INSERT INTO `contactos` (`id_contactos`,`designacao`,`argumento`,`id_atleta`) VALUES (71,"Email","tellus@felisullamcorperviverra.co.uk",71),(72,"Email","cursus.diam.at@variusultrices.com",72),(73,"Email","sagittis@estarcuac.org",73),(74,"Email","egestas.Duis@Integervitae.org",74),(75,"Email","metus.Aenean.sed@diameu.net",75),(76,"Email","diam@Innecorci.ca",76),(77,"Email","Nunc@Donectemporest.org",77),(78,"Email","nisi@nisiMaurisnulla.com",78),(79,"Email","scelerisque.mollis.Phasellus@velit.ca",79),(80,"Email","Duis.at.lacus@consectetuereuismod.com",80);
INSERT INTO `contactos` (`id_contactos`,`designacao`,`argumento`,`id_atleta`) VALUES (81,"Email","facilisis@eget.ca",81),(82,"Email","Morbi.accumsan.laoreet@turpisIn.org",82),(83,"Email","nunc@nibhQuisquenonummy.org",83),(84,"Email","metus.sit.amet@massa.edu",84),(85,"Email","placerat.velit@euismodurna.edu",85),(86,"Email","amet.consectetuer.adipiscing@loremeget.edu",86),(87,"Email","bibendum@Donecdignissimmagna.co.uk",87),(88,"Email","id.blandit.at@egestas.com",88),(89,"Email","lacus.Quisque.purus@Duis.com",89),(90,"Email","Fusce.aliquam@sagittisplaceratCras.co.uk",90);
INSERT INTO `contactos` (`id_contactos`,`designacao`,`argumento`,`id_atleta`) VALUES (91,"Email","luctus@vitaerisus.ca",91),(92,"Email","neque.sed.sem@primis.org",92),(93,"Email","libero@anteVivamusnon.co.uk",93),(94,"Email","nostra.per.inceptos@liberodui.ca",94),(95,"Email","Sed.auctor.odio@ultricesposuere.net",95),(96,"Email","et.euismod@scelerisqueloremipsum.org",96),(97,"Email","egestas.nunc.sed@idsapien.co.uk",97),(98,"Email","Fusce.feugiat@insodaleselit.co.uk",98),(99,"Email","Nullam.suscipit.est@at.net",99),(100,"Email","fames@pede.ca",100);

INSERT INTO `testes` (`id_testes`,`agendado`,`estado`,`id_especialidade`) VALUES (1,"2018-11-10 15:35:57","Reprovado",10),(2,"2019-03-23 04:16:26","Reprovado",2),(3,"2019-09-15 19:31:57","Reprovado",2),(4,"2018-10-28 03:56:58","Marcado",7),(5,"2018-02-07 04:32:06","Reprovado",8),(6,"2019-10-14 23:11:43","Marcado",8),(7,"2020-09-23 09:31:26","Reprovado",7),(8,"2020-11-07 22:49:18","Reprovado",3),(9,"2020-05-16 16:37:47","Reprovado",4),(10,"2019-08-08 15:26:59","Reprovado",7);
INSERT INTO `testes` (`id_testes`,`agendado`,`estado`,`id_especialidade`) VALUES (11,"2018-12-19 11:19:06","Aprovado",9),(12,"2019-05-06 14:20:00","Aprovado",6),(13,"2018-12-02 21:15:31","Marcado",4),(14,"2020-01-19 15:47:31","Aprovado",6),(15,"2018-12-14 06:46:46","Aprovado",6),(16,"2018-11-13 02:30:58","Aprovado",8),(17,"2019-12-17 05:26:10","Aprovado",7),(18,"2019-03-26 19:59:15","Aprovado",6),(19,"2019-10-25 21:29:23","Reprovado",3),(20,"2019-03-30 11:32:18","Reprovado",4);
INSERT INTO `testes` (`id_testes`,`agendado`,`estado`,`id_especialidade`) VALUES (21,"2020-06-27 15:11:03","Reprovado",1),(22,"2020-02-05 01:45:53","Marcado",1),(23,"2020-03-24 17:39:24","Aprovado",8),(24,"2018-01-12 01:01:21","Aprovado",7),(25,"2018-07-14 14:48:30","Marcado",1),(26,"2018-10-21 03:29:01","Reprovado",8),(27,"2019-03-15 15:39:14","Reprovado",9),(28,"2020-10-15 12:57:03","Aprovado",10),(29,"2018-01-16 16:46:59","Aprovado",1),(30,"2018-07-20 15:28:34","Aprovado",5);
INSERT INTO `testes` (`id_testes`,`agendado`,`estado`,`id_especialidade`) VALUES (31,"2020-07-14 23:20:07","Aprovado",8),(32,"2019-07-13 14:17:09","Reprovado",9),(33,"2019-12-19 00:56:00","Marcado",2),(34,"2020-07-06 22:48:06","Marcado",3),(35,"2018-09-03 21:26:48","Reprovado",7),(36,"2018-03-23 21:39:06","Aprovado",5),(37,"2020-12-16 18:11:11","Marcado",7),(38,"2018-01-29 12:06:53","Marcado",1),(39,"2019-03-26 11:27:11","Marcado",5),(40,"2019-08-02 18:42:25","Reprovado",1);
INSERT INTO `testes` (`id_testes`,`agendado`,`estado`,`id_especialidade`) VALUES (41,"2018-08-15 11:03:32","Reprovado",7),(42,"2019-08-18 03:02:54","Aprovado",7),(43,"2018-06-19 19:35:30","Marcado",4),(44,"2018-06-18 12:05:50","Marcado",2),(45,"2018-12-21 23:09:10","Marcado",7),(46,"2020-06-05 00:45:23","Aprovado",7),(47,"2019-03-31 18:42:38","Aprovado",1),(48,"2019-11-16 13:48:16","Reprovado",4),(49,"2020-03-08 03:59:56","Aprovado",3),(50,"2018-02-16 21:32:35","Aprovado",1);
INSERT INTO `testes` (`id_testes`,`agendado`,`estado`,`id_especialidade`) VALUES (51,"2019-12-06 01:30:21","Reprovado",10),(52,"2021-01-21 06:53:36","Marcado",2),(53,"2018-01-02 02:10:44","Aprovado",1),(54,"2020-01-03 15:34:41","Marcado",4),(55,"2018-06-07 17:25:37","Aprovado",5),(56,"2020-04-14 23:06:50","Reprovado",1),(57,"2019-03-21 14:32:44","Aprovado",2),(58,"2019-12-19 13:35:30","Reprovado",3),(59,"2020-12-15 13:05:52","Aprovado",6),(60,"2019-06-21 02:36:34","Aprovado",3);
INSERT INTO `testes` (`id_testes`,`agendado`,`estado`,`id_especialidade`) VALUES (61,"2019-03-06 22:11:01","Aprovado",2),(62,"2020-01-30 08:40:26","Reprovado",9),(63,"2019-12-31 15:25:58","Marcado",9),(64,"2018-03-20 15:39:58","Marcado",8),(65,"2020-09-22 08:04:01","Marcado",4),(66,"2018-09-20 10:20:29","Marcado",9),(67,"2019-01-12 07:05:48","Reprovado",7),(68,"2020-06-30 16:05:38","Aprovado",6),(69,"2021-01-22 09:41:50","Marcado",2),(70,"2019-02-07 19:28:51","Reprovado",4);
INSERT INTO `testes` (`id_testes`,`agendado`,`estado`,`id_especialidade`) VALUES (71,"2021-01-13 12:32:04","Marcado",6),(72,"2018-04-04 14:15:04","Marcado",4),(73,"2020-08-06 17:00:26","Reprovado",6),(74,"2018-09-27 09:01:04","Reprovado",3),(75,"2019-09-15 22:26:03","Aprovado",8),(76,"2020-11-27 10:05:26","Marcado",3),(77,"2020-03-12 05:02:44","Marcado",2),(78,"2020-05-16 10:37:58","Marcado",3),(79,"2020-03-02 09:59:31","Reprovado",3),(80,"2018-09-23 02:13:49","Marcado",6);
INSERT INTO `testes` (`id_testes`,`agendado`,`estado`,`id_especialidade`) VALUES (81,"2018-12-03 16:35:04","Aprovado",2),(82,"2018-12-14 02:30:52","Marcado",1),(83,"2018-09-18 23:17:55","Reprovado",2),(84,"2020-05-04 15:24:24","Reprovado",5),(85,"2021-01-08 11:05:02","Reprovado",4),(86,"2020-05-02 21:37:38","Marcado",3),(87,"2018-06-12 19:35:33","Reprovado",3),(88,"2019-07-05 12:35:46","Marcado",8),(89,"2018-03-01 19:38:59","Marcado",9),(90,"2020-07-06 16:51:11","Reprovado",8);
INSERT INTO `testes` (`id_testes`,`agendado`,`estado`,`id_especialidade`) VALUES (91,"2019-06-24 22:02:44","Aprovado",1),(92,"2018-02-14 15:54:08","Reprovado",1),(93,"2018-09-03 07:40:12","Marcado",1),(94,"2020-11-23 07:08:44","Reprovado",3),(95,"2018-10-31 17:31:55","Reprovado",10),(96,"2020-07-17 04:08:31","Aprovado",4),(97,"2018-11-03 00:14:43","Reprovado",3),(98,"2019-05-14 22:30:55","Aprovado",10),(99,"2019-09-24 02:23:29","Reprovado",5),(100,"2018-01-20 16:14:35","Reprovado",2);


INSERT INTO `TestesAtletas` (`id_teste`,`id_atleta`) VALUES (1,1),(2,2),(3,3),(4,4),(5,5),(6,6),(7,7),(8,8),(9,9),(10,10);
INSERT INTO `TestesAtletas` (`id_teste`,`id_atleta`) VALUES (11,11),(12,12),(13,13),(14,14),(15,15),(16,16),(17,17),(18,18),(19,19),(20,20);
INSERT INTO `TestesAtletas` (`id_teste`,`id_atleta`) VALUES (21,21),(22,22),(23,23),(24,24),(25,25),(26,26),(27,27),(28,28),(29,29),(30,30);
INSERT INTO `TestesAtletas` (`id_teste`,`id_atleta`) VALUES (31,31),(32,32),(33,33),(34,34),(35,35),(36,36),(37,37),(38,38),(39,39),(40,40);
INSERT INTO `TestesAtletas` (`id_teste`,`id_atleta`) VALUES (41,41),(42,42),(43,43),(44,44),(45,45),(46,46),(47,47),(48,48),(49,49),(50,50);
INSERT INTO `TestesAtletas` (`id_teste`,`id_atleta`) VALUES (51,51),(52,52),(53,53),(54,54),(55,55),(56,56),(57,57),(58,58),(59,59),(60,60);
INSERT INTO `TestesAtletas` (`id_teste`,`id_atleta`) VALUES (61,61),(62,62),(63,63),(64,64),(65,65),(66,66),(67,67),(68,68),(69,69),(70,70);
INSERT INTO `TestesAtletas` (`id_teste`,`id_atleta`) VALUES (71,71),(72,72),(73,73),(74,74),(75,75),(76,76),(77,77),(78,78),(79,79),(80,80);
INSERT INTO `TestesAtletas` (`id_teste`,`id_atleta`) VALUES (81,81),(82,82),(83,83),(84,84),(85,85),(86,86),(87,87),(88,88),(89,89),(90,90);
INSERT INTO `TestesAtletas` (`id_teste`,`id_atleta`) VALUES (91,91),(92,92),(93,93),(94,94),(95,95),(96,96),(97,97),(98,98),(99,99),(100,100);

INSERT INTO `atletacategoria` (`id_atleta`,`id_modalidade`,`id_categoria`) VALUES (1,2,10),(2,2,4),(3,3,6),(4,3,10),(5,2,2),(6,3,4),(7,3,8),(8,2,8),(9,4,6),(10,3,10);
INSERT INTO `atletacategoria` (`id_atleta`,`id_modalidade`,`id_categoria`) VALUES (11,3,5),(12,1,2),(13,3,6),(14,3,4),(15,2,3),(16,4,7),(17,1,4),(18,1,5),(19,4,5),(20,4,4);
INSERT INTO `atletacategoria` (`id_atleta`,`id_modalidade`,`id_categoria`) VALUES (21,1,5),(22,1,6),(23,3,3),(24,2,4),(25,4,2),(26,4,9),(27,2,10),(28,3,3),(29,2,7),(30,1,7);
INSERT INTO `atletacategoria` (`id_atleta`,`id_modalidade`,`id_categoria`) VALUES (31,4,2),(32,1,8),(33,2,3),(34,4,6),(35,4,10),(36,2,3),(37,3,3),(38,2,4),(39,3,3),(40,4,1);
INSERT INTO `atletacategoria` (`id_atleta`,`id_modalidade`,`id_categoria`) VALUES (41,3,4),(42,2,6),(43,1,10),(44,1,7),(45,4,4),(46,1,6),(47,1,3),(48,3,10),(49,3,3),(50,3,10);
INSERT INTO `atletacategoria` (`id_atleta`,`id_modalidade`,`id_categoria`) VALUES (51,4,9),(52,4,6),(53,1,9),(54,2,7),(55,1,8),(56,2,6),(57,2,5),(58,3,1),(59,2,8),(60,1,9);
INSERT INTO `atletacategoria` (`id_atleta`,`id_modalidade`,`id_categoria`) VALUES (61,2,8),(62,4,10),(63,4,7),(64,4,5),(65,4,9),(66,3,8),(67,4,8),(68,3,6),(69,4,6),(70,2,7);
INSERT INTO `atletacategoria` (`id_atleta`,`id_modalidade`,`id_categoria`) VALUES (71,1,2),(72,4,8),(73,3,4),(74,1,4),(75,3,5),(76,2,7),(77,1,3),(78,4,3),(79,2,10),(80,3,10);
INSERT INTO `atletacategoria` (`id_atleta`,`id_modalidade`,`id_categoria`) VALUES (81,3,5),(82,4,9),(83,2,7),(84,4,8),(85,2,1),(86,3,2),(87,2,1),(88,2,7),(89,2,10),(90,3,5);
INSERT INTO `atletacategoria` (`id_atleta`,`id_modalidade`,`id_categoria`) VALUES (91,2,7),(92,3,5),(93,3,8),(94,2,7),(95,4,8),(96,4,8),(97,2,5),(98,1,6),(99,3,4),(100,3,8);
